{
    "roc_auc": 0.5958083247692025,
    "precision": 0.2942863678755565,
    "recall": 0.8762443675992875,
    "f1": 0.4405980372785352,
    "best_threshold": 0.015612203222699463,
    "anomaly_rate": 0.7131437606665998
}