{
    "roc_auc": 0.7629170232525668,
    "precision": 0.5998128995374461,
    "recall": 0.6046840616158441,
    "f1": 0.6022386307302946,
    "best_threshold": 43.29818897247314,
    "anomaly_rate": 0.241454171267945,
    "threshold_beta": 0.5
}