{
    "roc_auc": 0.5850508419933359,
    "precision": 0.29576390955072895,
    "recall": 0.8333333333333334,
    "f1": 0.43657873788806234,
    "best_threshold": -0.04780775828712125,
    "validation_anomaly_rate": 0.6748318441923502,
    "test_anomaly_rate": 0.8462078829455991
}