{
    "cnn_only": {
        "roc_auc": 0.613768030898812,
        "precision": 0.32446145434663753,
        "recall": 0.7773236927590904,
        "f1": 0.4578235176127509,
        "best_threshold": 0.03666659090547793,
        "anomaly_rate": 0.5738003212528863
    },
    "isolation_forest_only": {
        "roc_auc": 0.648985627431568,
        "precision": 0.33433414411675283,
        "recall": 0.9218275175521324,
        "f1": 0.4906986473295217,
        "best_threshold": 0.17669335699247923,
        "anomaly_rate": 0.6603754643108122
    },
    "hybrid": {
        "roc_auc": 0.6471370038881572,
        "precision": 0.33730469870532215,
        "recall": 0.9241328722623913,
        "f1": 0.4942208274374098,
        "best_threshold": 0.12022909725003512,
        "anomaly_rate": 0.6561966670013051,
        "cnn_weight": 0.4,
        "iso_weight": 0.6,
        "iso_contamination": 0.1
    }
}